"ECODISTRIC","PROVINCE","TEXCAT","totalHec","CARB30","PERCECO","TCLAY","TSAND","sitename"
244,"AB","fine",342.38,4638.55,79.941161,25,20,"244_AB_fine"
244,"AB","medium",85.91,3120.06,20.058839,10,16,"244_AB_medium"
244,"BC","fine",1.7,2877,1.716652,21,6,"244_BC_fine"
244,"BC","medium",85.48,6004.2499017314,86.317278,8,29,"244_BC_medium"
252,"BC","medium",17.93,1772.05,100,11,38,"252_BC_medium"
371,"MB","fine",85.46,5828,100,60,9,"371_MB_fine"
374,"ON","coarse",11.1,5331.6,100,13,36,"374_ON_coarse"
375,"MB","coarse",1761.53,7023.5507314664,2.604904,10,75,"375_MB_coarse"
375,"MB","fine",44123.76,8748.79673699612,65.249064,68,5,"375_MB_fine"
375,"MB","medium",17640.17,6454.01767131496,26.085822,30,30,"375_MB_medium"
376,"MB","medium",20.9,4416.35870813397,100,13,65,"376_MB_medium"
378,"ON","coarse",396.64,5331.6,55.039201,13,36,"378_ON_coarse"
378,"ON","medium",324.01,9759.62359186445,44.9608,22,24,"378_ON_medium"
379,"MB","coarse",976.9,8868.06767325212,59.011859,7,86,"379_MB_coarse"
379,"MB","medium",677.26,4418.24192038508,40.911425,13,65,"379_MB_medium"
380,"MB","coarse",2128.71,9627.56906295362,44.16475,10,75,"380_MB_coarse"
380,"MB","fine",2559.29,6277.98555458741,53.098074,56,15,"380_MB_fine"
380,"MB","medium",131.6,4425.45,2.73033,13,65,"380_MB_medium"
381,"ON","medium",4287.91,11061.8181818182,100,14,19,"381_ON_medium"
383,"ON","coarse",158.65,5231.64795461708,5.23549,3,60,"383_ON_coarse"
383,"ON","medium",2871.63,9600.56706469845,94.76451,22,24,"383_ON_medium"
386,"ON","coarse",40.1,5331.6,100,13,36,"386_ON_coarse"
391,"ON","coarse",49.22,4170,100,3,60,"391_ON_coarse"
400,"ON","fine",982.79,10530,100,22,24,"400_ON_fine"
401,"ON","coarse",250.88,11586.6071308992,7.187077,14,65,"401_ON_coarse"
401,"ON","fine",2189.71,10530,62.729645,22,24,"401_ON_fine"
401,"ON","medium",1050.12,6917.16409553194,30.083278,14,19,"401_ON_medium"
401,"QC","fine",13552.02,16845.7903541317,85.354956,62,0,"401_QC_fine"
401,"QC","medium",2089.56,9747.95340071594,13.160717,6,50,"401_QC_medium"
402,"ON","medium",84.53,10530,100,22,24,"402_ON_medium"
407,"ON","coarse",213.68,13189.4461110071,54.116754,14,30,"407_ON_coarse"
407,"ON","fine",181.17,8163.53093779323,45.883247,38,13,"407_ON_fine"
408,"ON","medium",24957.99,10530,100,22,24,"408_ON_medium"
408,"QC","coarse",2778.71,8077.01757815677,13.509995,2,90,"408_QC_coarse"
408,"QC","fine",16472.15,13870.3302276873,80.087038,43,5,"408_QC_fine"
408,"QC","medium",837.11,9958.65083441842,4.07,25,24,"408_QC_medium"
408,"QC","na",443.89,22323.84,2.158178,26,7,"408_QC_na"
409,"ON","coarse",174.86,13544,14.741066,14,30,"409_ON_coarse"
409,"ON","medium",392.67,7474.02997427866,33.102907,21,35,"409_ON_medium"
410,"ON","coarse",32.54,9883.86186232329,24.69267,6,79,"410_ON_coarse"
410,"ON","medium",88.21,9707.58372066659,66.937319,22,24,"410_ON_medium"
411,"ON","coarse",4998.63,7711.03662503526,50.603255,15,53,"411_ON_coarse"
411,"ON","medium",3946.62,6513.54217026215,39.953311,14,19,"411_ON_medium"
412,"ON","fine",714.09,9802.8,80.000224,21,35,"412_ON_fine"
412,"ON","medium",178.52,7887,19.999776,23,23,"412_ON_medium"
413,"ON","coarse",3562.48,10199.3750070176,49.270311,6,79,"413_ON_coarse"
413,"ON","fine",447.31,4572.4,6.18645,36,25,"413_ON_fine"
413,"ON","medium",2034.58,8154.60508791003,28.138935,13,53,"413_ON_medium"
415,"QC","coarse",228.75,17036.66,52.020558,4,60,"415_QC_coarse"
415,"QC","medium",197.82,12670.8436907289,44.986696,11,62,"415_QC_medium"
418,"QC","coarse",491.16,6103.10001832397,4.240078,7,84,"418_QC_coarse"
418,"QC","fine",410.76,8372.12875791216,3.546002,35,16,"418_QC_fine"
418,"QC","medium",10675.03,8399.70614288672,92.155217,3,71,"418_QC_medium"
419,"QC","medium",144.41,13449.9,100,6,50,"419_QC_medium"
421,"QC","coarse",412.86,12060.9941859226,82.820462,4,85,"421_QC_coarse"
421,"QC","medium",85.64,12424.575,17.179539,11,62,"421_QC_medium"
422,"QC","coarse",18.57,31614.6,40.510471,5,76,"422_QC_coarse"
422,"QC","medium",27.27,13449.9,59.489529,6,50,"422_QC_medium"
423,"QC","coarse",1870.5,11121.8620773055,100,5,71,"423_QC_coarse"
424,"QC","coarse",309.73,8138.6,5.457067,5,71,"424_QC_coarse"
424,"QC","fine",1614.07,15987.9516873494,28.437954,22,28,"424_QC_fine"
424,"QC","medium",3751.96,11838.8567018305,66.10498,6,50,"424_QC_medium"
425,"QC","coarse",4877.63,10053.1021927042,23.687221,5,84,"425_QC_coarse"
425,"QC","fine",9001.73,12131.9609608375,43.715077,56,4,"425_QC_fine"
425,"QC","medium",6694.46,10027.9314772513,32.510289,3,91,"425_QC_medium"
426,"QC","coarse",365.21,14200.9370307494,8.377356,4,60,"426_QC_coarse"
426,"QC","medium",3994.28,10960.31363988,91.622644,6,50,"426_QC_medium"
431,"QC","medium",11.98,13449.9,100,6,50,"431_QC_medium"
438,"QC","coarse",143.91,13769.9908428879,69.217449,4,60,"438_QC_coarse"
438,"QC","medium",64,14275.52,30.78255,6,64,"438_QC_medium"
439,"QC","medium",58.22,12424.575,100,11,62,"439_QC_medium"
440,"QC","coarse",79.65,16445.25,72.251451,1,77,"440_QC_coarse"
440,"QC","medium",30.59,12424.575,27.748549,11,62,"440_QC_medium"
441,"QC","coarse",9018.34,13413.816768341,18.555595,6,75,"441_QC_coarse"
441,"QC","fine",5059.55,22337.2642201382,10.410227,27,10,"441_QC_fine"
441,"QC","medium",32434.67,9076.30212095576,66.735629,20,32,"441_QC_medium"
441,"QC","na",148.87,4916.25,0.306306,18,57,"441_QC_na"
455,"NF","coarse",336.04,15078.8,100,6,82,"455_NF_coarse"
458,"NF","coarse",16.9,6611.52,12.463127,13,40,"458_NF_coarse"
458,"NF","medium",118.7,7660.07585509688,87.536873,58,6,"458_NF_medium"
460,"NF","medium",12.72,13877.912,100,5,56,"460_NF_medium"
461,"NF","medium",29.19,10114.1646933881,100,7,55,"461_NF_medium"
462,"NF","medium",24,11187.84,100,5,61,"462_NF_medium"
463,"NF","medium",20.59,8513.23038950947,100,5,65,"463_NF_medium"
466,"NF","medium",154.97,6217.77838033168,100.000001,9,60,"466_NF_medium"
468,"NF","medium",78.71,4320,76.970467,9,43,"468_NF_medium"
471,"NF","coarse",13.58,7559.25773195876,34.695963,13,39,"471_NF_coarse"
471,"NF","medium",24.63,10703.4460414129,62.927951,11,52,"471_NF_medium"
475,"NF","coarse",155.9,5888.06286080821,86.361622,33,20,"475_NF_coarse"
475,"NF","medium",17.01,12394.4009570841,9.422778,20,40,"475_NF_medium"
477,"NF","coarse",1.08,24620.8,100,29,31,"477_NF_coarse"
478,"QC","coarse",376.35,5568.4,16.365747,12,59,"478_QC_coarse"
478,"QC","medium",1463.06,6449.91925525952,63.621816,15,42,"478_QC_medium"
478,"QC","na",460.21,7738.08,20.012437,29,44,"478_QC_na"
479,"QC","coarse",4882.86,8733.98111122375,11.12396,5,42,"479_QC_coarse"
479,"QC","fine",6198.16,15564.2077158383,14.120431,29,35,"479_QC_fine"
479,"QC","medium",32293.17,7223.78882795031,73.569163,25,37,"479_QC_medium"
481,"QC","medium",5009.81,8774.69316263491,100,22,19,"481_QC_medium"
482,"QC","coarse",28813.27,10858.4867161034,76.787164,8,68,"482_QC_coarse"
482,"QC","medium",8579.69,6132.14856212404,22.864815,25,34,"482_QC_medium"
482,"QC","na",130.59,4916.25,0.348021,18,57,"482_QC_na"
483,"QC","coarse",28816.58,13278.7357430687,68.498467,14,41,"483_QC_coarse"
483,"QC","medium",13252.36,19042.5004784054,31.50153,14,26,"483_QC_medium"
484,"NB","medium",62.45,7564.058,100,20,38,"484_NB_medium"
484,"QC","medium",3222.38,3880.85585560983,99.999999,21,45,"484_QC_medium"
485,"NB","coarse",136.98,6829.90397430282,34.515081,18,54,"485_NB_coarse"
485,"NB","medium",259.89,7660.40785870945,65.48492,19,50,"485_NB_medium"
486,"NB","coarse",693.16,5559.27100885798,11.74969,13,61,"486_NB_coarse"
486,"NB","medium",5206.23,8283.04399994238,88.250311,22,30,"486_NB_medium"
487,"NB","coarse",216.33,6290.90600933759,34.57463,14,55,"487_NB_coarse"
487,"NB","medium",409.36,9078.91468614423,65.425371,22,30,"487_NB_medium"
487,"QC","coarse",33.58,5605.02408576534,2.438246,9,58,"487_QC_coarse"
487,"QC","medium",1343.64,7037.78427290792,97.561755,15,42,"487_QC_medium"
488,"NB","coarse",6.65,8866.8,4.31622,17,46,"488_NB_coarse"
488,"NB","medium",147.42,10971.8239645231,95.68378,18,36,"488_NB_medium"
489,"NB","coarse",165.39,4363,17.862041,15,60,"489_NB_coarse"
489,"NB","medium",760.54,13162.8671911931,82.137959,18,40,"489_NB_medium"
490,"NB","coarse",162.76,6148.39418161711,27.323854,8,58,"490_NB_coarse"
490,"NB","medium",432.91,9082.6,72.676146,22,30,"490_NB_medium"
493,"NB","coarse",1671.49,6568.43966042274,9.699997,24,30,"493_NB_coarse"
493,"NB","fine",826.72,8509.23,4.797625,22,25,"493_NB_fine"
493,"NB","medium",14733.65,8743.13034088634,85.502377,22,30,"493_NB_medium"
494,"NB","medium",15373.69,8319.71009339983,99.435804,23,35,"494_NB_medium"
495,"NB","coarse",76.67,8168.85030650841,17.012071,15,52,"495_NB_coarse"
495,"NB","medium",374.01,7889.84067554343,82.98793,22,30,"495_NB_medium"
496,"NB","coarse",2274.67,5723.91837725472,83.854782,12,48,"496_NB_coarse"
496,"NB","fine",152.15,5159.07,5.608948,22,33,"496_NB_fine"
496,"NB","medium",285.81,7716.15941247682,10.536269,31,27,"496_NB_medium"
497,"NB","coarse",115.91,8828.83271503753,43.148569,20,52,"497_NB_coarse"
497,"NB","medium",152.72,7564.058,56.851431,20,38,"497_NB_medium"
498,"NB","coarse",157.92,5278.5,100,8,52,"498_NB_coarse"
499,"NB","coarse",27.89,6636.5954822517,9.9288,12,48,"499_NB_coarse"
499,"NB","fine",5.46,6379.834,1.943752,33,19,"499_NB_fine"
499,"NB","medium",247.55,6907.93020254494,88.127448,16,38,"499_NB_medium"
500,"NB","coarse",1694.89,5462.15465570037,76.982018,8,85,"500_NB_coarse"
500,"NB","fine",420.17,7023.40759395007,19.08415,20,17,"500_NB_fine"
500,"NB","medium",78.52,6663.03124707081,3.566384,23,11,"500_NB_medium"
501,"NB","coarse",68.2,6675.924,31.811185,10,64,"501_NB_coarse"
501,"NB","medium",140.59,5446.67654797638,65.576752,19,50,"501_NB_medium"
502,"NB","coarse",313.51,5450.97102114765,28.242362,9,80,"502_NB_coarse"
502,"NB","medium",796.56,6164.42137983328,71.757637,12,63,"502_NB_medium"
503,"NB","coarse",1752.12,5972.05837650389,47.159205,16,61,"503_NB_coarse"
503,"NB","fine",24.22,7020,0.651894,20,17,"503_NB_fine"
503,"NB","medium",1938.99,5478.78117901072,52.188903,24,33,"503_NB_medium"
504,"NB","coarse",653,7048.8,70.699306,8,52,"504_NB_coarse"
504,"NB","medium",270.63,5333.97834641392,29.300694,24,33,"504_NB_medium"
504,"NS","coarse",1694.18,3288.20887095822,74.207196,10,65,"504_NS_coarse"
504,"NS","medium",588.86,2934.840157253,25.792803,20,40,"504_NS_medium"
505,"NB","coarse",90.58,5784.88577390152,18.854728,16,61,"505_NB_coarse"
505,"NB","medium",389.83,5245.61926973296,81.145272,24,33,"505_NB_medium"
506,"NB","coarse",30.47,5774.60081522809,8.322636,10,70,"506_NB_coarse"
506,"NB","medium",335.64,5561.16022643308,91.677365,16,35,"506_NB_medium"
507,"NB","coarse",95.65,5864.14511761631,21.660854,16,50,"507_NB_coarse"
507,"NB","medium",345.93,8827.65288353135,78.339145,30,13,"507_NB_medium"
507,"NS","coarse",1409.79,4365.93339965527,71.672089,10,75,"507_NS_coarse"
507,"NS","medium",557.21,2751.19514635416,28.327911,25,20,"507_NS_medium"
508,"NB","coarse",8.14,5291.36486486487,100,8,52,"508_NB_coarse"
509,"NS","coarse",121.67,4052.11001068464,11.840902,15,40,"509_NS_coarse"
509,"NS","medium",905.87,8266.1120414629,88.159099,20,50,"509_NS_medium"
510,"NS","coarse",3.4,3155.84117647059,12.125535,10,60,"510_NS_coarse"
510,"NS","medium",24.64,2012.09090909091,87.874465,3,60,"510_NS_medium"
511,"NS","medium",55.75,2105.16914798206,100.000001,3,60,"511_NS_medium"
512,"NS","medium",45.1,3264.27694013304,100,20,40,"512_NS_medium"
513,"NS","coarse",4.23,4486.05319148936,21.482986,3,60,"513_NS_coarse"
513,"NS","medium",15.46,3756.88777490298,78.517014,10,30,"513_NS_medium"
514,"NS","coarse",0.39,4113,100,3,60,"514_NS_coarse"
516,"NS","coarse",25.38,4211.51595744681,26.637279,3,60,"516_NS_coarse"
516,"NS","medium",69.872,2403.3985001145,73.333333,15,40,"516_NS_medium"
517,"NS","coarse",568.76,3630.56203846965,14.329227,10,60,"517_NS_coarse"
517,"NS","medium",3400.47,3042.57544545313,85.670772,20,40,"517_NS_medium"
518,"NS","coarse",5900.01,4424.3978933934,64.271802,10,75,"518_NS_coarse"
518,"NS","medium",3279.77,3459.53474786342,35.728199,25,20,"518_NS_medium"
519,"NS","medium",70.62,3007.33220050977,100.000001,10,30,"519_NS_medium"
520,"NS","coarse",6.23,3388.5,4.935044,2,85,"520_NS_coarse"
520,"NS","medium",120.01,3207.49220898258,95.064955,10,30,"520_NS_medium"
521,"NS","medium",25.08,1714.81100478469,100.000001,15,35,"521_NS_medium"
522,"NS","coarse",33.38,3469.6051527861,24.714942,10,50,"522_NS_coarse"
522,"NS","medium",101.68,3889.9061270653,75.28506,20,40,"522_NS_medium"
523,"NS","coarse",15.61,3457.36931454196,6.438707,10,50,"523_NS_coarse"
523,"NS","medium",226.83,3219.43982277477,93.561292,10,70,"523_NS_medium"
524,"NS","coarse",31.38,3681,90.250216,10,50,"524_NS_coarse"
524,"NS","medium",3.39,3075,9.749784,15,40,"524_NS_medium"
525,"NS","coarse",233.44,4303.8368959904,24.091313,10,50,"525_NS_coarse"
525,"NS","medium",735.54,4114.0660637083,75.908688,15,30,"525_NS_medium"
527,"NS","coarse",14.29,3681,6.404625,10,50,"527_NS_coarse"
527,"NS","medium",208.83,3366.78932624623,93.595373,15,40,"527_NS_medium"
528,"NS","coarse",46.03,2911.2477731914,39.897721,15,40,"528_NS_coarse"
528,"NS","medium",69.34,2290.42998269397,60.102279,20,40,"528_NS_medium"
529,"NS","medium",15.58,2140.57734274711,100,15,45,"529_NS_medium"
530,"NS","coarse",0.2,4731.75,0.209096,10,50,"530_NS_coarse"
530,"NS","medium",95.45,3504.8016762703,99.790904,15,35,"530_NS_medium"
531,"NS","coarse",120.93,4566.02046638551,25.482552,10,45,"531_NS_coarse"
531,"NS","medium",353.63,3536.59309164946,74.517447,15,30,"531_NS_medium"
534,"PE","coarse",16698.85,5296.62017122137,76.335855,13,61,"534_PE_coarse"
534,"PE","medium",5176.65,5688.6,23.664145,17,48,"534_PE_medium"
535,"PE","coarse",18181.45,5629.68749522178,100,13,61,"535_PE_coarse"
536,"PE","coarse",37134.65,5640.65234893018,92.524977,13,61,"536_PE_coarse"
536,"PE","medium",3000.08,5764.93918415509,7.475022,15,45,"536_PE_medium"
537,"PE","coarse",18528.61,5635.48908013067,97.714892,13,61,"537_PE_coarse"
537,"PE","medium",433.3,5152.42,2.285107,15,45,"537_PE_medium"
538,"PE","coarse",5951.39,5676.59997664411,100,10,65,"538_PE_coarse"
539,"QC","medium",178.56,16665.1480986783,100,11,55,"539_QC_medium"
540,"QC","coarse",212141.03,9335.49560964421,52.032886,12,53,"540_QC_coarse"
540,"QC","fine",74849.21,7079.14753822385,18.358638,56,4,"540_QC_fine"
540,"QC","medium",115085.93,11677.062398682,28.2277,29,38,"540_QC_medium"
541,"ON","fine",2499.87,11937.958615848,18.267026,16,43,"541_ON_fine"
541,"ON","medium",11185.28,6445.3076763389,81.732974,11,30,"541_ON_medium"
541,"QC","coarse",104312.65,9400.58252029835,23.430505,12,53,"541_QC_coarse"
541,"QC","fine",217655.81,5827.80828492564,48.889428,56,4,"541_QC_fine"
541,"QC","medium",114287.12,14669.7511561552,25.670953,35,34,"541_QC_medium"
542,"ON","fine",20332.32,5571.05665875808,93.588342,36,25,"542_ON_fine"
542,"ON","medium",1086.31,7885.152,5.000214,13,53,"542_ON_medium"
543,"ON","coarse",6529.16,13596.0315789474,10.103924,12,77,"543_ON_coarse"
543,"ON","fine",18289.1,6822.94116101941,28.302521,49,17,"543_ON_fine"
543,"ON","medium",39798.23,5416.57942168383,61.588061,63,2,"543_ON_medium"
543,"QC","fine",1600.55,5118.93998937865,83.762907,46,20,"543_QC_fine"
543,"QC","medium",310.26,9607.51,16.237093,3,60,"543_QC_medium"
544,"ON","coarse",2577.93,11777.0949670472,3.244428,12,77,"544_ON_coarse"
544,"ON","fine",15152.75,12955.5,19.070342,16,43,"544_ON_fine"
544,"ON","medium",58782.19,6137.9635276998,73.979736,34,14,"544_ON_medium"
545,"ON","coarse",5327.96,8171.35559287983,15.7167,12,77,"545_ON_coarse"
545,"ON","fine",13550.91,8970.25122556345,39.973197,16,43,"545_ON_fine"
545,"ON","medium",15021.12,5643.30968862508,44.310102,34,14,"545_ON_medium"
546,"ON","fine",8918.04,10130.6391348323,18.775856,16,43,"546_ON_fine"
546,"ON","medium",38579.34,7584.98585465692,81.224144,9,51,"546_ON_medium"
546,"QC","medium",771.98,3598.155,100,6,25,"546_QC_medium"
547,"ON","coarse",6253.29,9622.55194273734,11.672185,9,62,"547_ON_coarse"
547,"ON","fine",21924.64,12955.5,40.923809,16,43,"547_ON_fine"
547,"ON","medium",25387.26,6840.1369673214,47.387021,11,59,"547_ON_medium"
548,"QC","medium",178.3,10944.98,34.673875,19,46,"548_QC_medium"
549,"ON","fine",7120.24,7532.29049442154,92.90392,49,11,"549_ON_fine"
549,"ON","medium",543.85,8114.4,7.096081,20,14,"549_ON_medium"
550,"ON","coarse",1150.15,5822.96968977959,13.230714,2,88,"550_ON_coarse"
550,"ON","fine",2060.75,7241.87763193012,23.705774,25,25,"550_ON_fine"
550,"ON","medium",5169.63,8682.51199703654,59.46868,16,46,"550_ON_medium"
551,"ON","coarse",36468.44,5183.97132066795,21.372209,2,88,"551_ON_coarse"
551,"ON","fine",59347.81,6972.82608011989,34.78059,38,13,"551_ON_fine"
551,"ON","medium",70181.16,8587.71132049912,41.129438,6,65,"551_ON_medium"
552,"ON","coarse",36758.41,5211.78199364445,78.276968,12,52,"552_ON_coarse"
552,"ON","medium",9878.79,8890.89632050079,21.036864,17,52,"552_ON_medium"
553,"ON","coarse",65576.46,4423.75945998,33.388012,4,87,"553_ON_coarse"
553,"ON","fine",20595.61,6101.85582179892,10.486179,12,69,"553_ON_fine"
553,"ON","medium",110235.13,9661.503704037,56.12581,17,52,"553_ON_medium"
554,"ON","coarse",21811.12,5274.09262880586,83.269621,12,52,"554_ON_coarse"
554,"ON","medium",4382.25,9935.50863871299,16.730379,17,52,"554_ON_medium"
555,"ON","coarse",13763.41,5221.76245240097,21.990634,12,52,"555_ON_coarse"
555,"ON","fine",22584.26,6385.94062178703,36.084241,49,11,"555_ON_fine"
555,"ON","medium",16478.68,8821.10266210643,26.328985,21,45,"555_ON_medium"
556,"ON","coarse",30410.16,5760.023572191,19.937303,12,52,"556_ON_coarse"
556,"ON","fine",2416.27,4616.4,1.584139,18,29,"556_ON_fine"
556,"ON","medium",86899.56,8506.61673735977,56.9725,19,25,"556_ON_medium"
557,"ON","coarse",10543.02,7113.85785590846,3.698317,12,64,"557_ON_coarse"
557,"ON","medium",274533.19,6477.01251768502,96.301682,27,18,"557_ON_medium"
558,"ON","coarse",17970.27,8743.0275183901,7.343646,13,31,"558_ON_coarse"
558,"ON","fine",1113.73,8212.5,0.455132,38,13,"558_ON_fine"
558,"ON","medium",90729.17,8062.32719360267,37.076958,23,22,"558_ON_medium"
559,"ON","medium",310.4,9406.7,32.912735,25,15,"559_ON_medium"
560,"ON","coarse",24458.73,6335.21878871062,28.502024,12,35,"560_ON_coarse"
560,"ON","medium",54857.4,6794.85367266403,63.925926,13,51,"560_ON_medium"
561,"ON","coarse",555.88,3762,2.560706,4,87,"561_ON_coarse"
561,"ON","fine",2214.36,11088.7,10.200626,27,24,"561_ON_fine"
561,"ON","medium",18937.84,7161.45834709766,87.238669,12,38,"561_ON_medium"
562,"ON","fine",10949.48,9468.02624243343,33.196981,27,24,"562_ON_fine"
562,"ON","medium",22033.88,6249.56064306423,66.803019,29,21,"562_ON_medium"
563,"ON","medium",43.58,6786.9,100,29,21,"563_ON_medium"
564,"ON","coarse",12120.57,6419.5424615344,12.459624,15,46,"564_ON_coarse"
564,"ON","fine",23590.24,6578.36492524027,24.25014,50,12,"564_ON_fine"
564,"ON","medium",61567.97,5006.40327806163,63.290236,38,34,"564_ON_medium"
565,"ON","coarse",84793.09,8170.63545852828,23.147012,6,84,"565_ON_coarse"
565,"ON","fine",81369.69,7991.98578433812,22.212485,29,19,"565_ON_fine"
565,"ON","medium",200161.34,8079.81314259087,54.640505,23,22,"565_ON_medium"
566,"ON","coarse",91.26,4845.9,0.987869,6,74,"566_ON_coarse"
566,"ON","fine",5293.45,6979.0876335849,57.300389,50,12,"566_ON_fine"
566,"ON","medium",3853.36,5965.03153819005,41.711743,34,17,"566_ON_medium"
567,"ON","coarse",4070.16,6043.6,2.257524,12,35,"567_ON_coarse"
567,"ON","fine",18347.43,6786,10.176446,29,19,"567_ON_fine"
567,"ON","medium",155162.07,7087.24532460182,86.061015,23,22,"567_ON_medium"
568,"ON","coarse",68308.87,4509.29607077383,89.135808,12,64,"568_ON_coarse"
568,"ON","fine",250.37,6860,0.326706,10,74,"568_ON_fine"
568,"ON","medium",8075.36,6405.39590452933,10.537485,19,7,"568_ON_medium"
569,"ON","coarse",3246.44,3275.11666194354,2.729674,NA,NA,"569_ON_coarse"
569,"ON","fine",89712.49,6923.09475234719,75.432082,50,12,"569_ON_fine"
569,"ON","medium",25972.55,11321.5204317558,21.838248,38,10,"569_ON_medium"
570,"ON","coarse",9528.52,7262.97093063771,3.607651,12,71,"570_ON_coarse"
570,"ON","fine",49343.97,10569.3211628898,18.682426,42,7,"570_ON_fine"
570,"ON","medium",204783.34,7007.20346452695,77.534286,37,16,"570_ON_medium"
571,"ON","coarse",8346.85,2929.57839256726,66.612053,1,97,"571_ON_coarse"
571,"ON","fine",2390.68,7831.65,19.078827,29,19,"571_ON_fine"
571,"ON","medium",1793.01,5330.9,14.30912,37,27,"571_ON_medium"
572,"ON","coarse",2713.53,6438.58017674395,13.202309,11,35,"572_ON_coarse"
572,"ON","fine",3150.68,8765.15086140135,15.329202,29,19,"572_ON_fine"
572,"ON","medium",14689.24,7268.96705193734,71.468489,23,22,"572_ON_medium"
581,"BC","coarse",34.87,5682,2.547338,16,10,"581_BC_coarse"
581,"BC","medium",1026.45,9777.49502606069,74.984658,46,5,"581_BC_medium"
583,"AB","fine",133.46,2880,46.23913,16,24,"583_AB_fine"
583,"AB","medium",141.58,2669.60976479729,49.05242,35,12,"583_AB_medium"
583,"BC","fine",393.76,5660,14.74613,35,12,"583_BC_fine"
583,"BC","medium",2122.59,9721.96598789686,79.490013,17,20,"583_BC_medium"
584,"AB","fine",971.54,3048.04249418449,100,10,16,"584_AB_fine"
585,"BC","coarse",613.07,2392.62739980753,3.113623,3,80,"585_BC_coarse"
585,"BC","fine",0.02,16045,0.000102,84,2,"585_BC_fine"
585,"BC","medium",17370.5,8006.31282144728,88.220267,16,24,"585_BC_medium"
586,"AB","coarse",6673.82,8307.45,6.188049,20,43,"586_AB_coarse"
586,"AB","fine",27214.63,4834.74253325877,25.233743,20,20,"586_AB_fine"
586,"AB","medium",72798.14,5863.59469321606,67.499339,12,25,"586_AB_medium"
587,"AB","coarse",20552.7,4821.54451958137,83.941025,10,60,"587_AB_coarse"
587,"AB","medium",2231.52,7485.3124731125,9.113941,22,14,"587_AB_medium"
588,"AB","coarse",3518.77,2245.28899933784,3.03239,10,60,"588_AB_coarse"
588,"AB","fine",98148.26,6097.08104311019,84.581775,36,7,"588_AB_fine"
588,"AB","medium",12155.66,3782.24633824901,10.475452,12,25,"588_AB_medium"
589,"AB","coarse",418.76,2096.58,19.975863,10,60,"589_AB_coarse"
589,"AB","medium",1360.98,3675,64.92203,12,25,"589_AB_medium"
590,"AB","fine",42526.07,5661.48925882876,66.706012,30,25,"590_AB_fine"
590,"AB","medium",21041.88,2737.51533787618,33.006104,14,28,"590_AB_medium"
591,"AB","coarse",228.03,7509,0.207471,15,69,"591_AB_coarse"
591,"AB","fine",105304.28,7232.54212220909,95.810032,49,7,"591_AB_fine"
591,"AB","medium",4348.98,3890.89176082668,3.956875,12,25,"591_AB_medium"
591,"BC","coarse",12080.36,5984.21473315365,12.51542,10,65,"591_BC_coarse"
591,"BC","fine",19580.71,11597.7642697839,20.285887,33,15,"591_BC_fine"
591,"BC","medium",63733.09,6657.8568402552,66.028361,16,24,"591_BC_medium"
592,"AB","coarse",553.18,1950,0.439287,2,89,"592_AB_coarse"
592,"AB","fine",107042.19,5511.88930253856,85.003596,20,10,"592_AB_fine"
592,"AB","medium",17254.66,14913.1383779802,13.70215,7,37,"592_AB_medium"
593,"AB","fine",88093.16,7740.68561993746,93.404603,49,15,"593_AB_fine"
593,"AB","medium",6220.35,8289.13172349627,6.595397,15,35,"593_AB_medium"
594,"AB","fine",48306.54,5268.83825727324,99.999999,20,10,"594_AB_fine"
595,"AB","fine",100514.48,9500.94417839102,95.443319,49,7,"595_AB_fine"
595,"AB","medium",4798.79,3711.95816028624,4.556681,12,25,"595_AB_medium"
596,"AB","coarse",9317.57,2379.6987376537,7.632756,10,60,"596_AB_coarse"
596,"AB","fine",55008.18,4957.60159561723,45.061533,16,29,"596_AB_fine"
596,"AB","medium",57241.75,3741.64522136378,46.891225,12,25,"596_AB_medium"
597,"AB","coarse",1230.21,3778.93532201819,2.983331,10,60,"597_AB_coarse"
597,"AB","fine",25879.89,5630.18692250624,62.760245,20,10,"597_AB_fine"
597,"AB","medium",14126.02,7244.40403676336,34.256424,15,35,"597_AB_medium"
598,"AB","fine",68862.17,6397.33889111467,98.300957,49,15,"598_AB_fine"
598,"AB","medium",1190.22,4488.275,1.699043,14,38,"598_AB_medium"
599,"AB","fine",70419.3,10585.1237098381,94.50923,39,15,"599_AB_fine"
599,"AB","medium",4091.2,8631.892,5.49077,9,39,"599_AB_medium"
600,"AB","coarse",834.98,2661.80226843757,42.879739,2,89,"600_AB_coarse"
600,"AB","fine",724.98,3887.75,37.230776,20,10,"600_AB_fine"
600,"AB","medium",212.45,4058.33259590492,10.910202,30,40,"600_AB_medium"
609,"AB","fine",330.08,4679,100,65,10,"609_AB_fine"
610,"AB","coarse",768.19,2360.85,2.387834,4,59,"610_AB_coarse"
610,"AB","fine",22025.1,4687.73259983383,68.462591,20,10,"610_AB_fine"
610,"AB","medium",7643.87,6809.78374324786,23.760126,14,38,"610_AB_medium"
610,"BC","medium",1665.36,2253.31535523851,99.864478,5,28,"610_BC_medium"
611,"AB","coarse",70.7,2360.85,1.766904,4,59,"611_AB_coarse"
611,"AB","fine",3176.9,3473.95550903396,79.395703,20,10,"611_AB_fine"
611,"AB","medium",753.75,2545.05507296849,18.837392,14,38,"611_AB_medium"
612,"AB","fine",857.57,5121.22106411139,16.87522,20,10,"612_AB_fine"
612,"AB","medium",3779.49,5817.65415433035,74.372618,14,38,"612_AB_medium"
615,"AB","coarse",1972.66,2229.52177960216,13.953031,10,60,"615_AB_coarse"
615,"AB","medium",7602.4,4027.73890422761,53.773344,25,45,"615_AB_medium"
616,"AB","coarse",11616.17,5748.63674326392,66.938524,9,78,"616_AB_coarse"
616,"AB","medium",2077.95,12983.9501383575,11.974249,30,5,"616_AB_medium"
617,"AB","coarse",961.72,3660,15.941229,10,65,"617_AB_coarse"
617,"AB","fine",794.3,10993.25,13.166118,65,10,"617_AB_fine"
617,"AB","medium",2829.88,5347.05858057585,46.90738,25,45,"617_AB_medium"
618,"AB","coarse",742.84,2497.35187153357,7.231303,9,73,"618_AB_coarse"
618,"AB","fine",1076.89,3067.21204858435,10.48317,10,16,"618_AB_fine"
618,"AB","medium",8407.81,4174.97037992057,81.847271,14,38,"618_AB_medium"
618,"BC","coarse",144.87,2782.38737488783,3.909013,10,65,"618_BC_coarse"
618,"BC","fine",408.04,2410,11.010105,41,36,"618_BC_fine"
618,"BC","medium",2884.48,4918.48029299908,77.831653,28,13,"618_BC_medium"
619,"AB","medium",364.24,4267.52955331649,100,30,25,"619_AB_medium"
622,"AB","coarse",2454.07,5845.11841695632,21.123109,16,67,"622_AB_coarse"
622,"AB","medium",8507.84,5186.60026881088,73.230194,12,26,"622_AB_medium"
623,"AB","coarse",2359.94,2762.98673949338,10.856893,2,89,"623_AB_coarse"
623,"AB","fine",2751.85,5976.97607972818,12.659873,65,10,"623_AB_fine"
623,"AB","medium",11805.36,4041.80762458748,54.310503,30,25,"623_AB_medium"
625,"AB","coarse",15.76,1901.84257614213,30.001904,11,50,"625_AB_coarse"
625,"AB","medium",31.52,1403.625,60.003807,14,34,"625_AB_medium"
626,"AB","medium",684.29,4323.17356018647,74.914333,30,25,"626_AB_medium"
629,"AB","coarse",73.47,2389.93585136791,4.438497,11,50,"629_AB_coarse"
629,"AB","fine",391.07,8550,23.625467,43,4,"629_AB_fine"
629,"AB","medium",1024.29,3752.49782268693,61.879792,20,50,"629_AB_medium"
630,"AB","coarse",37.01,2021.4,0.917875,11,50,"630_AB_coarse"
630,"AB","fine",27.84,17307.5,0.690452,70,6,"630_AB_fine"
630,"AB","medium",3597.71,4305.20705559926,89.22582,30,25,"630_AB_medium"
631,"AB","fine",68.97,12585,8.966342,42,4,"631_AB_fine"
631,"AB","medium",700.24,8007.75752527705,91.033658,18,22,"631_AB_medium"
647,"SK","coarse",737.43,6295.40843198676,79.440471,9,78,"647_SK_coarse"
647,"SK","medium",190.85,5079.17008121561,20.559529,16,53,"647_SK_medium"
650,"AB","coarse",195.44,3440.4,6.397277,5,60,"650_AB_coarse"
650,"AB","fine",288.59,6066.205,9.446327,15,30,"650_AB_fine"
650,"AB","medium",2366.85,3894.05,77.473364,25,45,"650_AB_medium"
652,"SK","coarse",24.8,1800,11.289148,3,91,"652_SK_coarse"
652,"SK","medium",194.88,3593,88.710852,8,45,"652_SK_medium"
657,"SK","coarse",184.2,1890,5.427209,5,75,"657_SK_coarse"
657,"SK","medium",3209.31,4291.71167634164,94.558059,18,44,"657_SK_medium"
658,"SK","coarse",1016.24,2342.67576556719,43.649734,14,61,"658_SK_coarse"
658,"SK","medium",509.73,6560.87232456398,21.89402,28,42,"658_SK_medium"
660,"SK","coarse",616.65,6594.81731938701,6.84847,9,78,"660_SK_coarse"
660,"SK","medium",8386.32,3784.35928035181,93.137869,18,44,"660_SK_medium"
661,"SK","coarse",71.76,1717.45094760312,1.155926,5,75,"661_SK_coarse"
661,"SK","medium",6136.25,4247.85030759829,98.844074,18,44,"661_SK_medium"
662,"SK","coarse",8.82,1050,2.995924,2,95,"662_SK_coarse"
667,"MB","medium",315.76,10260,100,57,1,"667_MB_medium"
669,"MB","medium",17545.26,16485.2386687345,99.914353,42,5,"669_MB_medium"
669,"SK","medium",989.65,6412,100,28,42,"669_SK_medium"
672,"SK","coarse",6413.24,7860.40353705771,50.075154,6,84,"672_SK_coarse"
672,"SK","fine",392.5,9725.42680254777,3.064675,37,22,"672_SK_fine"
672,"SK","medium",5477.66,6457.09220725638,42.77006,29,27,"672_SK_medium"
677,"MB","fine",3597.79,8385,99.863436,51,5,"677_MB_fine"
678,"AB","coarse",4087.7,2206.88090711158,3.321166,3,46,"678_AB_coarse"
678,"AB","fine",5825.75,4679,4.733294,65,10,"678_AB_fine"
678,"AB","medium",100597.53,5215.4674017543,81.73329,25,35,"678_AB_medium"
679,"AB","medium",9612.52,4957.91628475155,89.867291,25,45,"679_AB_medium"
680,"AB","coarse",3060.11,1509.30891863364,5.310699,2,90,"680_AB_coarse"
680,"AB","medium",54447.46,7198.59692852522,94.491406,25,30,"680_AB_medium"
680,"SK","coarse",719.05,1672.33858563382,4.732339,5,75,"680_SK_coarse"
680,"SK","medium",14467.7,4075.94634599833,95.217379,8,45,"680_SK_medium"
681,"AB","coarse",3308.56,6113.28494329859,2.539622,9,78,"681_AB_coarse"
681,"AB","fine",22517.69,17307.5,17.284381,70,6,"681_AB_fine"
681,"AB","medium",101932.5,9574.41620294901,78.242488,23,45,"681_AB_medium"
682,"SK","coarse",2728.98,5630.75535914518,30.870535,9,78,"682_SK_coarse"
682,"SK","fine",2012.68,5532.0655643222,22.767667,34,21,"682_SK_fine"
682,"SK","medium",4028.33,6457.31776939824,45.568931,15,39,"682_SK_medium"
683,"AB","coarse",50989.63,5908.62236099772,69.664845,6,85,"683_AB_coarse"
683,"AB","medium",19106.07,14340.7047069335,26.103766,24,32,"683_AB_medium"
684,"AB","coarse",628.9,4333.09937986961,0.485917,20,60,"684_AB_coarse"
684,"AB","fine",34377.24,7466.70313730829,26.561457,40,15,"684_AB_fine"
684,"AB","medium",90001.54,5716.44874123821,69.539381,19,44,"684_AB_medium"
685,"SK","coarse",981.49,5856.49471721566,3.866607,9,78,"685_SK_coarse"
685,"SK","fine",10360.39,11033.2997560903,40.81505,35,24,"685_SK_fine"
685,"SK","medium",13852.78,4637.22968602692,54.573417,8,45,"685_SK_medium"
686,"AB","medium",7978.12,5036.02061782726,93.716132,25,45,"686_AB_medium"
686,"SK","coarse",42.22,2004,2.741808,8,82,"686_SK_coarse"
686,"SK","medium",1497.64,3598.38908549451,97.258193,8,45,"686_SK_medium"
687,"AB","coarse",2273.63,3001.3936845485,16.267253,2,90,"687_AB_coarse"
687,"AB","medium",11703.1,7379.58652782596,83.732746,20,45,"687_AB_medium"
687,"SK","coarse",7246.89,5004.18110499814,8.339936,10,81,"687_SK_coarse"
687,"SK","medium",79646.94,5406.44436095097,91.660063,21,39,"687_SK_medium"
688,"AB","medium",68680.61,8238.30998058986,100.000001,23,45,"688_AB_medium"
689,"SK","coarse",2634.91,4295.58505755415,6.568316,11,67,"689_SK_coarse"
689,"SK","medium",37444.25,5897.7488653131,93.341195,21,42,"689_SK_medium"
690,"SK","coarse",1946.77,4145.19584953538,6.567204,11,67,"690_SK_coarse"
690,"SK","medium",27689.25,6542.29222062714,93.406484,21,42,"690_SK_medium"
691,"SK","coarse",17118.46,5499.07561661505,87.789181,6,84,"691_SK_coarse"
691,"SK","medium",1623.4,4150,8.325337,18,53,"691_SK_medium"
692,"AB","coarse",44.96,3808.80233540925,0.092391,7,35,"692_AB_coarse"
692,"AB","fine",12615.04,8399.94818050517,25.923327,40,15,"692_AB_fine"
692,"AB","medium",34979.36,7142.76566643872,71.880976,20,20,"692_AB_medium"
693,"SK","coarse",14250.27,4350.41603983644,11.160509,2,95,"693_SK_coarse"
693,"SK","medium",113434.5,6090.68616858187,88.839491,18,53,"693_SK_medium"
694,"SK","coarse",38790.39,6605.37474513662,37.828853,6,84,"694_SK_coarse"
694,"SK","fine",21451.78,10129.6125981154,20.920033,37,22,"694_SK_fine"
694,"SK","medium",42299.64,8927.63092097238,41.251115,18,50,"694_SK_medium"
695,"SK","coarse",23961.01,5496.92001430658,65.335748,10,81,"695_SK_coarse"
695,"SK","medium",12712.65,6806.41716557917,34.664253,18,53,"695_SK_medium"
696,"SK","coarse",53463.38,5451.67185853195,37.878228,10,81,"696_SK_coarse"
696,"SK","medium",87669.25,7875.85581569364,62.112717,20,45,"696_SK_medium"
697,"SK","fine",45219.1,9482.11524178942,84.344244,37,22,"697_SK_fine"
697,"SK","medium",8393.45,6664.81497953762,15.655756,18,53,"697_SK_medium"
698,"SK","coarse",33545.1,5619.73205147697,58.91467,11,67,"698_SK_coarse"
698,"SK","medium",23368.12,7253.96787632039,41.041019,16,53,"698_SK_medium"
699,"SK","medium",29415.98,4840.83632229829,100,20,34,"699_SK_medium"
700,"SK","fine",32962.92,7655.64421325538,73.457218,34,21,"700_SK_fine"
700,"SK","medium",11165.67,4319.65005055675,24.882476,40,29,"700_SK_medium"
701,"SK","coarse",52669,5024.73290611175,79.237284,10,81,"701_SK_coarse"
701,"SK","medium",13757.29,8362.23624856349,20.696999,18,53,"701_SK_medium"
702,"SK","coarse",9272.43,6346.41159868556,4.200223,10,81,"702_SK_coarse"
702,"SK","fine",18484.08,12119,8.372913,50,10,"702_SK_fine"
702,"SK","medium",193003.94,9893.35689556389,87.426863,25,22,"702_SK_medium"
703,"AB","fine",361,17307.5,0.543969,70,6,"703_AB_fine"
703,"AB","medium",64393.06,7617.95628264909,97.029931,20,20,"703_AB_medium"
704,"SK","coarse",1177.97,7132,1.314814,6,84,"704_SK_coarse"
704,"SK","fine",22899.61,9745,25.559834,37,22,"704_SK_fine"
704,"SK","medium",65445.2,6450.31683393129,73.047902,29,27,"704_SK_medium"
705,"SK","fine",225539.11,10988.7443759976,77.507671,50,10,"705_SK_fine"
705,"SK","medium",65450.3,7624.16034028874,22.49233,17,29,"705_SK_medium"
706,"SK","coarse",3714.45,4560.60321931915,3.159027,10,72,"706_SK_coarse"
706,"SK","medium",113867.63,5909.06616937579,96.840973,17,29,"706_SK_medium"
707,"SK","coarse",17125.4,6277.85143109066,9.607182,9,78,"707_SK_coarse"
707,"SK","fine",1924.49,9745,1.07962,37,22,"707_SK_fine"
707,"SK","medium",159110.16,6579.1851180968,89.259228,21,42,"707_SK_medium"
708,"AB","coarse",1334.37,7685.05,2.581987,20,35,"708_AB_coarse"
708,"AB","medium",50344.95,8513.44058433865,97.416757,20,20,"708_AB_medium"
709,"MB","coarse",4488.35,10911.8753686767,2.874707,10,80,"709_MB_coarse"
709,"MB","fine",13999.84,10708.6885278689,8.966645,41,22,"709_MB_fine"
709,"MB","medium",137584.67,8749.51395370938,88.120494,23,41,"709_MB_medium"
709,"SK","coarse",26219.68,5229.39414119471,12.338447,10,81,"709_SK_coarse"
709,"SK","fine",12430.55,9596.55888436151,5.849564,49,15,"709_SK_fine"
709,"SK","medium",173851.55,9125.91366847175,81.811001,21,47,"709_SK_medium"
710,"SK","coarse",902.85,6935.82101124218,7.639392,9,78,"710_SK_coarse"
710,"SK","medium",10775.37,3623.44800317762,91.17491,8,45,"710_SK_medium"
711,"SK","coarse",281.79,2004,1.679557,8,82,"711_SK_coarse"
711,"SK","medium",16457.16,3593,98.089839,8,45,"711_SK_medium"
714,"MB","medium",1386.29,8390.9,100,27,25,"714_MB_medium"
714,"SK","fine",5803.6,6741.67111448067,10.116138,62,6,"714_SK_fine"
714,"SK","medium",51539.67,3621.05268369006,89.837757,18,44,"714_SK_medium"
715,"MB","coarse",280.31,5231.41842103386,0.927802,20,50,"715_MB_coarse"
715,"MB","fine",17626.5,6074.21164581738,58.34221,33,30,"715_MB_fine"
715,"MB","medium",12293.28,6711.59791443781,40.689708,18,50,"715_MB_medium"
715,"SK","fine",706.85,9745,11.185893,37,22,"715_SK_fine"
715,"SK","medium",5612.27,5136.53555513188,88.814107,18,44,"715_SK_medium"
716,"MB","coarse",3457.53,11224.2518850162,6.195426,10,80,"716_MB_coarse"
716,"MB","fine",17182.84,5659,30.789322,33,30,"716_MB_fine"
716,"MB","medium",35112.35,6983.51380726724,62.916575,22,30,"716_MB_medium"
717,"MB","coarse",44371.37,22404.0586348021,44.896457,13,79,"717_MB_coarse"
717,"MB","fine",13154.89,13773.6362470534,13.310564,56,9,"717_MB_fine"
717,"MB","medium",41288.3,13555.5617398391,41.776903,25,42,"717_MB_medium"
717,"SK","medium",72.11,4128.63819165164,100,16,53,"717_SK_medium"
718,"MB","medium",1352.86,9576.79094363053,99.485241,22,48,"718_MB_medium"
720,"MB","fine",1280.57,7641,99.661458,48,17,"720_MB_fine"
723,"MB","coarse",29.88,9610.5,0.130204,19,60,"723_MB_coarse"
723,"MB","fine",3273.99,7109.88834724602,14.266659,66,13,"723_MB_fine"
723,"MB","medium",19617.26,8899.7751440823,85.483694,22,48,"723_MB_medium"
724,"MB","coarse",2755.13,4993.85882045493,1.676328,8,82,"724_MB_coarse"
724,"MB","fine",134346.86,10244.7608464165,81.7419,57,23,"724_MB_fine"
724,"MB","medium",27095.88,8287.51947868089,16.486197,29,53,"724_MB_medium"
726,"MB","coarse",42713.14,9252.63313945076,97.143032,7,85,"726_MB_coarse"
726,"MB","fine",1238.65,10442.2589189844,2.817077,56,8,"726_MB_fine"
727,"AB","coarse",30980.73,9499.68919221723,7.610124,16,64,"727_AB_coarse"
727,"AB","fine",155546.33,17545.6478952284,38.208486,38,6,"727_AB_fine"
727,"AB","medium",220018.58,11045.6675225838,54.045484,20,45,"727_AB_medium"
728,"AB","coarse",3469.59,7440,1.659918,12,70,"728_AB_coarse"
728,"AB","fine",3780.1,11715,1.808472,50,5,"728_AB_fine"
728,"AB","medium",201772.03,10682.3835614399,96.531609,20,45,"728_AB_medium"
729,"AB","coarse",28182.79,8517.00109610156,21.396468,8,73,"729_AB_coarse"
729,"AB","medium",103534.22,10165.3860748601,78.603529,21,40,"729_AB_medium"
729,"SK","coarse",19522.71,5728.85392816878,5.231584,10,81,"729_SK_coarse"
729,"SK","medium",353647.5,7546.70321023053,94.768419,25,26,"729_SK_medium"
730,"AB","coarse",43812.2,9506.47069592488,8.926531,8,73,"730_AB_coarse"
730,"AB","fine",11102.94,13205,2.262172,30,40,"730_AB_fine"
730,"AB","medium",435893.66,8702.63137214372,88.811297,21,40,"730_AB_medium"
731,"AB","coarse",17489.06,9223.10758291183,3.279094,10,70,"731_AB_coarse"
731,"AB","medium",515861.29,10033.9312353928,96.720905,25,40,"731_AB_medium"
732,"AB","medium",16352.73,6359.84282947251,100.000001,19,44,"732_AB_medium"
733,"SK","coarse",25431.77,5380.07355241102,14.801449,10,81,"733_SK_coarse"
733,"SK","fine",9284.67,8923.68896794393,5.403736,50,11,"733_SK_fine"
733,"SK","medium",137103.02,7257.07848798662,79.794814,20,48,"733_SK_medium"
734,"SK","coarse",30117.76,5458.75756629975,70.672954,10,81,"734_SK_coarse"
734,"SK","medium",12497.92,8371.37678749744,29.327046,18,53,"734_SK_medium"
735,"SK","coarse",3680.79,5740,2.358281,10,81,"735_SK_coarse"
735,"SK","medium",152398.59,7752.18813625507,97.641718,18,53,"735_SK_medium"
736,"SK","coarse",37397.45,5438.0251865301,14.885279,10,81,"736_SK_coarse"
736,"SK","fine",7068.32,8391.63747538312,2.813398,50,11,"736_SK_fine"
736,"SK","medium",206772.04,8468.26774790247,82.301321,21,47,"736_SK_medium"
737,"AB","coarse",24446.01,10745.8536006489,14.257908,20,40,"737_AB_coarse"
737,"AB","fine",17024.68,17727.4156445231,9.929486,35,35,"737_AB_fine"
737,"AB","medium",129985.11,12764.268425872,75.812607,18,43,"737_AB_medium"
738,"AB","coarse",7806.15,9735,4.749321,8,73,"738_AB_coarse"
738,"AB","medium",156557.34,8616.72303761516,95.250679,22,38,"738_AB_medium"
739,"AB","coarse",69262.14,5218.99609457634,85.479974,13,80,"739_AB_coarse"
739,"AB","medium",11765.19,10097.7662041072,14.520027,26,32,"739_AB_medium"
739,"SK","coarse",37046.46,4495.8332882548,90.121036,6,88,"739_SK_coarse"
739,"SK","medium",4060.99,6786.28707778153,9.878963,18,50,"739_SK_medium"
740,"AB","coarse",14191.1,10933.8809789234,8.154235,16,64,"740_AB_coarse"
740,"AB","medium",159842.38,9065.56910436832,91.845764,20,45,"740_AB_medium"
741,"SK","coarse",4513.94,5678.26797431955,2.76168,10,81,"741_SK_coarse"
741,"SK","fine",1392.33,9225,0.851843,50,11,"741_SK_fine"
741,"SK","medium",157542.79,8310.01543250567,96.386476,26,25,"741_SK_medium"
742,"SK","coarse",27057.85,5410.61702226895,69.727706,10,81,"742_SK_coarse"
742,"SK","medium",11747.17,8186.26400741625,30.272295,18,53,"742_SK_medium"
743,"AB","coarse",2185.7,5996.1,2.972998,9,75,"743_AB_coarse"
743,"AB","medium",71332.67,7929.0559398814,97.027002,26,32,"743_AB_medium"
743,"SK","coarse",4036.83,4746.80588877907,33.516768,10,77,"743_SK_coarse"
743,"SK","fine",2192.51,6238.70012451482,18.203851,62,8,"743_SK_fine"
743,"SK","medium",5814.87,6645.00295793371,48.27938,25,33,"743_SK_medium"
744,"AB","fine",15377.82,7200,6.787709,70,2,"744_AB_fine"
744,"AB","medium",211176.08,11514.7398430201,93.212291,26,43,"744_AB_medium"
745,"SK","coarse",27868.57,5947.06339291898,3.638493,10,81,"745_SK_coarse"
745,"SK","fine",3463.59,10485,0.452203,37,22,"745_SK_fine"
745,"SK","medium",734604.87,8897.82895468689,95.909304,21,47,"745_SK_medium"
746,"AB","medium",151543.12,13113.2532721512,100,30,25,"746_AB_medium"
747,"SK","coarse",23777.79,6866.97018352,36.208916,10,81,"747_SK_coarse"
747,"SK","medium",41890.54,8050.02861529118,63.791085,21,47,"747_SK_medium"
748,"SK","coarse",5594.1,4642.44916179546,0.90132,10,72,"748_SK_coarse"
748,"SK","fine",866.93,6578,0.139679,44,18,"748_SK_fine"
748,"SK","medium",614195.62,7445.71190339977,98.959001,21,47,"748_SK_medium"
749,"SK","coarse",14853.78,8014.66747454183,3.969907,10,81,"749_SK_coarse"
749,"SK","medium",359305.64,9474.10310255636,96.030095,20,46,"749_SK_medium"
750,"AB","fine",6775.01,14480.2068557832,16.269308,42,4,"750_AB_fine"
750,"AB","medium",34867.88,11956.1020748896,83.730693,35,35,"750_AB_medium"
751,"MB","coarse",9605.45,6849.01076888641,20.126106,13,75,"751_MB_coarse"
751,"MB","medium",38114.68,11497.6098744631,79.860922,34,30,"751_MB_medium"
751,"SK","coarse",12839.12,4909.39631002748,49.155474,10,81,"751_SK_coarse"
751,"SK","medium",13278.15,8783.18211121278,50.836331,21,47,"751_SK_medium"
752,"MB","fine",1288.52,8740,1.352699,55,5,"752_MB_fine"
752,"MB","medium",93966.95,12160.8656644703,98.647301,34,30,"752_MB_medium"
752,"SK","coarse",13649.56,5076.66241900838,3.453449,10,72,"752_SK_coarse"
752,"SK","medium",381594.59,7839.70764027341,96.546548,21,47,"752_SK_medium"
753,"MB","coarse",2983.04,8484,0.673255,8,86,"753_MB_coarse"
753,"MB","fine",6199.43,10773.0001467877,1.399176,48,16,"753_MB_fine"
753,"MB","medium",433894.76,11342.7938865752,97.927571,34,30,"753_MB_medium"
754,"SK","coarse",2779.83,5428.32897551289,1.343611,10,81,"754_SK_coarse"
754,"SK","fine",53478.74,7151.81376823762,25.848565,55,2,"754_SK_fine"
754,"SK","medium",150633.91,8056.27118110391,72.807823,32,36,"754_SK_medium"
755,"SK","coarse",2368.14,3871.72427981454,1.37352,12,76,"755_SK_coarse"
755,"SK","medium",170045.73,6248.8645844856,98.62648,22,44,"755_SK_medium"
756,"SK","coarse",6606.92,5366.96397231993,2.079521,10,81,"756_SK_coarse"
756,"SK","medium",311106.56,8061.255234348,97.920478,21,47,"756_SK_medium"
757,"MB","coarse",68503.56,6822.51914369122,71.211276,8,83,"757_MB_coarse"
757,"MB","fine",1572.65,10500,1.634812,48,16,"757_MB_fine"
757,"MB","medium",26114.77,14240.8633566752,27.147,39,22,"757_MB_medium"
758,"MB","coarse",44494.09,7394.10213946392,25.26179,13,75,"758_MB_coarse"
758,"MB","fine",9666.47,7528.84390682431,5.488197,47,16,"758_MB_fine"
758,"MB","medium",121961.37,12188.8350136605,69.244308,36,26,"758_MB_medium"
759,"MB","coarse",4558.11,5940,12.359555,11,80,"759_MB_coarse"
759,"MB","medium",32321.13,11017.6665630193,87.640444,26,38,"759_MB_medium"
760,"MB","medium",77905.77,8066.39599052034,100,24,35,"760_MB_medium"
760,"SK","coarse",4463.55,4837.65943072218,1.409849,10,72,"760_SK_coarse"
760,"SK","medium",312134.28,7654.52539442319,98.590153,21,47,"760_SK_medium"
761,"SK","fine",2528.24,4511,12.594676,50,16,"761_SK_fine"
761,"SK","medium",17545.64,7607.69840256611,87.405324,21,47,"761_SK_medium"
762,"SK","coarse",25659.07,4973.62831061297,28.282673,10,77,"762_SK_coarse"
762,"SK","medium",65064.57,6836.02605719211,71.717328,21,49,"762_SK_medium"
763,"MB","coarse",91361.68,5070.70012985751,58.767253,6,86,"763_MB_coarse"
763,"MB","fine",6599.37,8709.7347110406,4.244963,55,5,"763_MB_fine"
763,"MB","medium",57502.54,10686.3590907463,36.987787,17,24,"763_MB_medium"
763,"SK","coarse",30061.58,4884.02088779099,66.098244,10,72,"763_SK_coarse"
763,"SK","medium",15418.57,7805.65530136712,33.901758,21,47,"763_SK_medium"
764,"MB","medium",66235.37,9935.90475165761,100,25,41,"764_MB_medium"
765,"MB","coarse",3431.54,4265.67643099017,1.013986,15,70,"765_MB_coarse"
765,"MB","medium",334989.22,8543.51705119407,98.986015,24,35,"765_MB_medium"
766,"MB","coarse",893.86,7200,0.489948,17,58,"766_MB_coarse"
766,"MB","medium",181545.95,13228.0313173502,99.510053,32,24,"766_MB_medium"
767,"SK","coarse",3559.47,4694.3732993957,0.741574,10,77,"767_SK_coarse"
767,"SK","fine",44654.05,6275.39542258765,9.303157,40,16,"767_SK_fine"
767,"SK","medium",431774.62,6767.87771488282,89.955268,25,33,"767_SK_medium"
768,"SK","medium",41212.14,6612.15112634287,100.000001,25,33,"768_SK_medium"
769,"AB","medium",110137.66,8065.77829230392,100.000001,16,35,"769_AB_medium"
770,"SK","coarse",75990.11,4840.68270473618,24.446946,10,77,"770_SK_coarse"
770,"SK","fine",8463.76,6539,2.722895,40,16,"770_SK_fine"
770,"SK","medium",226382.96,6480.43584707082,72.830161,18,50,"770_SK_medium"
771,"AB","coarse",17865.82,5527.95429955076,16.905799,13,80,"771_AB_coarse"
771,"AB","fine",216.31,7200,0.204687,70,2,"771_AB_fine"
771,"AB","medium",87596.52,7259.97693824252,82.889515,26,32,"771_AB_medium"
771,"SK","fine",1511.18,6539,3.255147,40,16,"771_SK_fine"
771,"SK","medium",44913.15,6364.89274477519,96.744854,22,44,"771_SK_medium"
772,"SK","coarse",12761.15,5040,30.596951,10,77,"772_SK_coarse"
772,"SK","medium",28946.11,6276.4647294576,69.403049,18,50,"772_SK_medium"
773,"SK","coarse",11020.77,4905.68295754289,3.663217,10,77,"773_SK_coarse"
773,"SK","fine",29316.58,6267.79457494701,9.7446,50,12,"773_SK_fine"
773,"SK","medium",260512.12,5861.69722145749,86.592182,22,44,"773_SK_medium"
774,"SK","medium",68981.16,5720.68749380265,100,22,44,"774_SK_medium"
775,"SK","coarse",3385.18,4674.66603016679,4.340382,10,77,"775_SK_coarse"
775,"SK","medium",74607.49,6003.77760530478,95.659617,27,30,"775_SK_medium"
776,"SK","coarse",53492.56,4051.20104440692,84.057959,10,77,"776_SK_coarse"
776,"SK","medium",10145.15,7523.11227828076,15.942041,18,50,"776_SK_medium"
777,"AB","coarse",11226.99,6799.0293729664,72.244172,9,63,"777_AB_coarse"
777,"AB","medium",4313.35,10439.7011588441,27.755827,6,42,"777_AB_medium"
778,"SK","coarse",21877.57,4697.25084641484,70.358825,10,77,"778_SK_coarse"
778,"SK","medium",9216.71,6326.52631578947,29.641175,22,44,"778_SK_medium"
779,"AB","medium",34227.84,8197.70215598764,100,26,32,"779_AB_medium"
780,"SK","coarse",8755.52,4453.65908775264,2.685274,10,77,"780_SK_coarse"
780,"SK","fine",264510.8,6077.62438316318,81.12413,62,8,"780_SK_fine"
780,"SK","medium",52790.55,6558.49415188893,16.190596,27,30,"780_SK_medium"
781,"AB","coarse",13419.92,5392.2,5.619516,9,75,"781_AB_coarse"
781,"AB","fine",161037.39,8087.27647349476,67.433498,70,2,"781_AB_fine"
781,"AB","medium",64351.88,7665.00304779596,26.946985,22,30,"781_AB_medium"
782,"SK","coarse",15146.17,4263.63196081914,2.792716,10,77,"782_SK_coarse"
782,"SK","medium",527199.3,6143.67816431092,97.207286,22,44,"782_SK_medium"
783,"SK","medium",259856.35,6216.88049959141,100,22,44,"783_SK_medium"
784,"SK","coarse",11969.58,4710.16602687814,13.839054,10,77,"784_SK_coarse"
784,"SK","fine",2186.82,6539,2.528369,40,16,"784_SK_fine"
784,"SK","medium",72334.92,6485.59151513543,83.632577,27,30,"784_SK_medium"
785,"SK","fine",5881.87,4044.55886308266,6.855786,44,23,"785_SK_fine"
785,"SK","medium",79912.38,5370.24643127886,93.144214,22,44,"785_SK_medium"
786,"AB","fine",21.62,8057,0.020992,24,43,"786_AB_fine"
786,"AB","medium",102970.03,7665.53278957674,99.979007,26,32,"786_AB_medium"
787,"AB","medium",54657.01,6646.47797956749,100,26,21,"787_AB_medium"
788,"AB","fine",16543.07,8355,22.867241,40,20,"788_AB_fine"
788,"AB","medium",55800.9,6518.41508931308,77.13276,23,41,"788_AB_medium"
789,"SK","coarse",16464.99,4278.88546351987,10.983567,10,77,"789_SK_coarse"
789,"SK","fine",2703.48,6539,1.803454,50,12,"789_SK_fine"
789,"SK","medium",130737.2,6100.09118881237,87.212979,22,44,"789_SK_medium"
790,"AB","coarse",16799.45,6442.5,26.697627,18,69,"790_AB_coarse"
790,"AB","medium",46125.43,7457.46669895544,73.302373,23,41,"790_AB_medium"
791,"AB","medium",208432.24,6226.37034375536,99.999999,25,40,"791_AB_medium"
792,"SK","coarse",32415.36,3714.70148627071,4.652203,10,74,"792_SK_coarse"
792,"SK","fine",604547.05,6238.53487444856,86.763663,62,8,"792_SK_fine"
792,"SK","medium",59812.06,6749.22558494056,8.584133,18,50,"792_SK_medium"
793,"AB","coarse",51153.56,6085.40195533801,10.654888,18,69,"793_AB_coarse"
793,"AB","fine",26345.56,8355,5.487575,40,20,"793_AB_fine"
793,"AB","medium",402595.6,6833.70506195858,83.857535,23,41,"793_AB_medium"
794,"SK","medium",426915.91,6162.84267180392,99.999999,27,32,"794_SK_medium"
795,"SK","medium",228783.05,5119.66017967677,100,26,35,"795_SK_medium"
796,"SK","coarse",12315.79,4835.89865432912,19.213404,10,77,"796_SK_coarse"
796,"SK","medium",51784.2,5877.31951618447,80.786595,18,54,"796_SK_medium"
797,"AB","coarse",2412.2,5317.2,11.532351,10,85,"797_AB_coarse"
797,"AB","fine",104.24,6788.25,0.498355,55,10,"797_AB_fine"
797,"AB","medium",18400.37,6899.45362025329,87.969293,26,38,"797_AB_medium"
798,"AB","coarse",28460.83,11251.464903975,8.137148,25,33,"798_AB_coarse"
798,"AB","fine",28540.52,14300,8.159932,35,22,"798_AB_fine"
798,"AB","medium",292762.83,11239.3054864093,83.70292,20,15,"798_AB_medium"
799,"AB","medium",24305.56,10694.4765080665,100,27,37,"799_AB_medium"
800,"AB","fine",44880.28,9682.1786312162,44.578573,43,22,"800_AB_fine"
800,"AB","medium",55796.52,9655.96791758249,55.421427,27,37,"800_AB_medium"
801,"AB","fine",1165.21,14556.6497455394,9.932463,42,4,"801_AB_fine"
801,"AB","medium",10566.12,11487.9553179407,90.067536,35,35,"801_AB_medium"
802,"AB","medium",39641.94,9824.48787420596,100,27,37,"802_AB_medium"
803,"SK","coarse",8556.06,3375.26195468475,5.019797,10,74,"803_SK_coarse"
803,"SK","fine",55262,5119.4910012305,32.421932,59,5,"803_SK_fine"
803,"SK","medium",106628.29,5283.67998867843,62.558272,27,33,"803_SK_medium"
804,"AB","coarse",14331.63,2519.9487926007,26.191127,8,87,"804_AB_coarse"
804,"AB","medium",40387.78,5932.26984623938,73.808874,20,40,"804_AB_medium"
805,"AB","coarse",4572.17,2893.18620589348,29.618697,8,76,"805_AB_coarse"
805,"AB","fine",3930.35,3510,25.460961,63,9,"805_AB_fine"
805,"AB","medium",6934.25,4154,44.920343,21,35,"805_AB_medium"
805,"SK","coarse",4841.58,3996.68050512436,6.704073,10,74,"805_SK_coarse"
805,"SK","fine",24710.78,5103.93599959208,34.216694,37,20,"805_SK_fine"
805,"SK","medium",42666.13,5305.23351684345,59.079231,26,38,"805_SK_medium"
806,"AB","coarse",1771.81,3731.21837894582,2.592354,9,75,"806_AB_coarse"
806,"AB","fine",491.13,5660,0.718577,30,20,"806_AB_fine"
806,"AB","medium",66084.61,5850.86699187753,96.689068,20,40,"806_AB_medium"
807,"SK","fine",8901.18,5265.83353443027,11.681549,37,20,"807_SK_fine"
807,"SK","medium",67297.45,4957.17220563335,88.318451,26,38,"807_SK_medium"
808,"SK","coarse",3651.52,3593.1708110595,0.671974,10,74,"808_SK_coarse"
808,"SK","fine",426289.17,5230.77423144482,78.44823,59,5,"808_SK_fine"
808,"SK","medium",113461.2,5501.79068324678,20.879796,26,38,"808_SK_medium"
809,"AB","coarse",3703.08,3066,3.509803,8,76,"809_AB_coarse"
809,"AB","medium",101803.7,6463.14985799239,96.490197,28,32,"809_AB_medium"
809,"SK","coarse",4153.65,3773.96756106075,2.958546,10,74,"809_SK_coarse"
809,"SK","fine",27353.96,5136.52167218202,19.483577,37,20,"809_SK_fine"
809,"SK","medium",108887.35,5268.90797875052,77.557876,26,38,"809_SK_medium"
810,"SK","medium",91402.16,6122.42693903514,100,22,44,"810_SK_medium"
811,"AB","coarse",4374.49,3066,10.700519,8,76,"811_AB_coarse"
811,"AB","fine",31235.62,3394.04432375602,76.406016,63,9,"811_AB_fine"
811,"AB","medium",5270.99,6116.44523125637,12.893464,28,32,"811_AB_medium"
811,"SK","fine",778,4984,72.726593,37,20,"811_SK_fine"
811,"SK","medium",291.76,5161.0877433507,27.273407,26,38,"811_SK_medium"
812,"AB","coarse",34934.58,2872.77609354399,38.755195,8,76,"812_AB_coarse"
812,"AB","fine",25344.18,5434.66193911186,28.115943,30,20,"812_AB_fine"
812,"AB","medium",29862.91,4906.59406935895,33.128863,25,45,"812_AB_medium"
813,"SK","coarse",2621.23,3374,2.205601,10,74,"813_SK_coarse"
813,"SK","fine",35882.81,5078.16353513005,30.193137,37,20,"813_SK_fine"
813,"SK","medium",80340.22,4693.40703734692,67.601262,18,54,"813_SK_medium"
814,"AB","coarse",1211.49,3309,8.794092,15,60,"814_AB_coarse"
814,"AB","medium",12564.69,5340.91600159654,91.205908,28,32,"814_AB_medium"
815,"AB","coarse",19666.65,2908.35267618023,49.230022,8,76,"815_AB_coarse"
815,"AB","medium",20281.84,4264.51546851765,50.769978,21,35,"815_AB_medium"
815,"SK","coarse",19895.79,3174.41299591522,74.523185,10,74,"815_SK_coarse"
815,"SK","medium",6801.66,5176.21164539245,25.476815,16,51,"815_SK_medium"
816,"SK","coarse",45471.49,3458.24935092296,11.930034,10,74,"816_SK_coarse"
816,"SK","fine",24505.35,4928.60359880598,6.429295,59,5,"816_SK_fine"
816,"SK","medium",311174.6,5204.26657166106,81.640673,26,38,"816_SK_medium"
817,"SK","fine",3388.22,4984,3.857084,37,20,"817_SK_fine"
817,"SK","medium",84455.86,4723.02888798954,96.142917,24,33,"817_SK_medium"
818,"AB","medium",37170.07,5531.96102384526,99.999999,30,40,"818_AB_medium"
819,"SK","coarse",21838.66,3358.08497957292,77.841145,10,74,"819_SK_coarse"
819,"SK","medium",6216.76,4852.00869906511,22.158856,16,51,"819_SK_medium"
820,"SK","coarse",739.92,3374,0.449505,10,74,"820_SK_coarse"
820,"SK","fine",749.17,5346,0.455125,59,5,"820_SK_fine"
820,"SK","medium",163118.52,4767.88845552302,99.095369,24,33,"820_SK_medium"
821,"AB","coarse",2012.38,2584.21382094833,1.885184,8,76,"821_AB_coarse"
821,"AB","fine",674.1,4608,0.631492,59,6,"821_AB_fine"
821,"AB","medium",104060.72,5016.11425926613,97.483324,28,32,"821_AB_medium"
821,"SK","coarse",301.89,3180.8,0.254795,10,70,"821_SK_coarse"
821,"SK","medium",118181.46,4762.05596030037,99.745205,24,26,"821_SK_medium"
822,"SK","coarse",5747.85,4433.79820280627,4.203069,10,77,"822_SK_coarse"
822,"SK","fine",1347.49,4972.88416240566,0.985341,37,20,"822_SK_fine"
822,"SK","medium",129658.29,5891.52057504383,94.811588,29,39,"822_SK_medium"
823,"AB","coarse",27270.21,3048.74969059644,17.099853,8,76,"823_AB_coarse"
823,"AB","medium",132206.07,4573.56997114429,82.900146,20,35,"823_AB_medium"
824,"SK","coarse",21339.33,3327.67993371863,25.927899,10,74,"824_SK_coarse"
824,"SK","fine",1387.31,5068.18598582869,1.685622,37,20,"824_SK_fine"
824,"SK","medium",59575.94,4942.78326619773,72.386479,16,51,"824_SK_medium"
825,"SK","medium",434911.91,5364.28247300011,100.000001,20,35,"825_SK_medium"
826,"SK","coarse",14233.9,3505.97228869108,2.095504,10,74,"826_SK_coarse"
826,"SK","fine",87831.29,5078.30416836642,12.930454,37,20,"826_SK_fine"
826,"SK","medium",575592.13,5278.85472725279,84.738231,26,38,"826_SK_medium"
827,"SK","coarse",18181.9,3428.21225438486,65.805874,10,74,"827_SK_coarse"
827,"SK","fine",1544.2,5245.99773345422,5.588934,59,5,"827_SK_fine"
827,"SK","medium",7903.5,4774.13333586386,28.605191,18,54,"827_SK_medium"
828,"AB","coarse",20465.23,2969.13746681567,3.252352,8,76,"828_AB_coarse"
828,"AB","medium",608778.78,4807.15403348257,96.747648,28,32,"828_AB_medium"
829,"AB","coarse",26025.97,3059.29651186872,62.199072,8,76,"829_AB_coarse"
829,"AB","medium",15817.05,4684.90877407608,37.800928,20,35,"829_AB_medium"
830,"SK","coarse",13363.48,3183.72066617378,4.773189,10,70,"830_SK_coarse"
830,"SK","fine",34014.75,5262.98908208939,12.149443,59,5,"830_SK_fine"
830,"SK","medium",232591.4,5091.1579813785,83.077368,26,38,"830_SK_medium"
831,"SK","coarse",5384.79,3124.8,4.231681,12,76,"831_SK_coarse"
831,"SK","fine",1345.79,5993,1.0576,62,8,"831_SK_fine"
831,"SK","medium",120518.84,5913.91188829896,94.710718,29,39,"831_SK_medium"
832,"SK","coarse",13369.92,4605.81577900242,5.162125,18,50,"832_SK_coarse"
832,"SK","fine",780.66,5231.18925012169,0.301413,37,20,"832_SK_fine"
832,"SK","medium",244849.7,5661.76220875909,94.536462,26,44,"832_SK_medium"
833,"AB","coarse",61.47,3066,0.208856,8,76,"833_AB_coarse"
833,"AB","fine",18.44,5660,0.062653,30,20,"833_AB_fine"
833,"AB","medium",29351.81,5257.33390919504,99.72849,28,32,"833_AB_medium"
833,"SK","fine",18385.35,4959.43280927478,43.803491,26,38,"833_SK_fine"
833,"SK","medium",23586.99,4912.40381413652,56.19651,40,21,"833_SK_medium"
834,"SK","fine",130905.19,4975.44259169556,70.631497,26,38,"834_SK_fine"
834,"SK","medium",54430.24,5363.26593434091,29.368503,40,21,"834_SK_medium"
835,"SK","fine",13548.24,4904.45443836247,70.967749,26,38,"835_SK_fine"
835,"SK","medium",5542.46,6272.00257647326,29.032251,40,21,"835_SK_medium"
836,"AB","medium",9129.15,8630.85701335831,100,30,35,"836_AB_medium"
837,"AB","medium",20677.96,7388.44332047262,100,42,28,"837_AB_medium"
837,"SK","fine",1640.05,6117.3222645651,16.582543,42,21,"837_SK_fine"
837,"SK","medium",8250.17,5508.55238740535,83.417457,20,45,"837_SK_medium"
838,"AB","coarse",701.94,4537.20206855287,16.495082,25,45,"838_AB_coarse"
838,"AB","medium",3553.51,8233.34784634066,83.504918,6,42,"838_AB_medium"
838,"SK","fine",1716.75,6015.54138925295,3.574508,42,21,"838_SK_fine"
838,"SK","medium",46310.84,5914.18812912916,96.425493,29,39,"838_SK_medium"
839,"MB","coarse",7645.41,11978.5166666667,9.088773,6,88,"839_MB_coarse"
839,"MB","fine",8332.52,15555,9.905602,47,17,"839_MB_fine"
839,"MB","medium",68141.34,11897.72497525,81.005625,11,71,"839_MB_medium"
840,"MB","coarse",38430.15,12798.3010816898,60.81691,16,67,"840_MB_coarse"
840,"MB","fine",13756.21,14291.252030901,21.76963,60,8,"840_MB_fine"
840,"MB","medium",11003.55,14254.3991490019,17.413461,36,15,"840_MB_medium"
841,"MB","coarse",18959.04,9627.1980780145,84.398526,19,60,"841_MB_coarse"
841,"MB","medium",3504.17,9472.53962108003,15.59925,22,44,"841_MB_medium"
843,"MB","coarse",10098.97,9616.51409698217,64.904115,16,53,"843_MB_coarse"
843,"MB","medium",5456.23,13728.1335790463,35.066129,28,21,"843_MB_medium"
844,"MB","coarse",8759.39,9354.31639931548,20.016023,19,60,"844_MB_coarse"
844,"MB","fine",4770.14,13201.1608149866,10.900215,60,8,"844_MB_fine"
844,"MB","medium",30232.36,13183.431938327,69.083763,26,39,"844_MB_medium"
846,"MB","medium",17778.03,9199.04452880887,100,22,44,"846_MB_medium"
847,"MB","fine",21754.65,11102.810662548,40.783165,57,23,"847_MB_fine"
847,"MB","medium",31323.57,10250.5634279873,58.721898,23,34,"847_MB_medium"
848,"MB","coarse",701.96,11114,9.905847,16,53,"848_MB_coarse"
848,"MB","medium",6382.11,9853.62713036911,90.062402,26,39,"848_MB_medium"
849,"MB","coarse",11704.33,10746.8475333488,1.624764,16,53,"849_MB_coarse"
849,"MB","fine",665481.74,9338.83483031856,92.380425,59,4,"849_MB_fine"
849,"MB","medium",43184.89,8839.5505229028,5.994813,23,34,"849_MB_medium"
850,"MB","coarse",129777.73,6614.60362120681,80.938762,8,85,"850_MB_coarse"
850,"MB","medium",30562.91,15144.3706472977,19.061237,21,59,"850_MB_medium"
851,"MB","fine",35467.35,11914.5754622209,44.023896,47,28,"851_MB_fine"
851,"MB","medium",45096.51,9807.66120216398,55.976104,20,55,"851_MB_medium"
852,"MB","coarse",43408.83,6020.05582850309,16.843658,9,84,"852_MB_coarse"
852,"MB","fine",116301.33,13160.8120554167,45.127685,47,28,"852_MB_fine"
852,"MB","medium",98005.99,9813.93534884959,38.028657,24,52,"852_MB_medium"
853,"MB","fine",33685.98,7640.49217199559,64.812838,50,11,"853_MB_fine"
853,"MB","medium",18288.26,10529.3,35.187162,23,34,"853_MB_medium"
854,"MB","coarse",5336.18,7200,7.078439,17,58,"854_MB_coarse"
854,"MB","medium",70050.22,7859.35878812515,92.921562,25,37,"854_MB_medium"
855,"MB","medium",8843.43,8640,100,26,42,"855_MB_medium"
940,"BC","coarse",100.11,5655.84580461492,95.734914,15,41,"940_BC_coarse"
940,"BC","medium",4.46,6194.5,4.265086,39,8,"940_BC_medium"
943,"BC","medium",0.09,7647.99,100,15,25,"943_BC_medium"
944,"BC","coarse",121.6,2919.27047080592,85.489315,10,65,"944_BC_coarse"
944,"BC","fine",1.42,4200,0.998313,50,20,"944_BC_fine"
944,"BC","medium",14.05,7158.55702846975,9.877671,15,25,"944_BC_medium"
948,"BC","coarse",31.16,7663.2,100,18,40,"948_BC_coarse"
950,"BC","coarse",0.56,4306.98214285714,0.072653,10,55,"950_BC_coarse"
950,"BC","medium",770.19,4882.66203793869,99.924751,15,25,"950_BC_medium"
955,"BC","coarse",9.91,5894.93698284561,24.981093,22,45,"955_BC_coarse"
955,"BC","fine",26.52,11820.1628959276,66.851525,15,25,"955_BC_fine"
955,"BC","medium",3.24,7637.98549382716,8.167381,8,60,"955_BC_medium"
956,"BC","coarse",1190.37,7380.89545868091,37.05732,9,75,"956_BC_coarse"
956,"BC","fine",585,18236.6705230769,18.211591,26,14,"956_BC_fine"
956,"BC","medium",1342.46,8131.55768067577,41.79202,18,9,"956_BC_medium"
957,"BC","coarse",80.77,7748.24658660394,57.178253,7,57,"957_BC_coarse"
957,"BC","medium",43.2,6317.65486342593,30.581906,12,60,"957_BC_medium"
958,"BC","coarse",8.21,7771.21193666261,82.26453,4,65,"958_BC_coarse"
958,"BC","medium",1.12,11318.4,11.222445,8,45,"958_BC_medium"
959,"BC","coarse",2763.78,3955.12545933468,13.008545,5,70,"959_BC_coarse"
959,"BC","fine",311.22,11952.1807711587,1.464849,34,2,"959_BC_fine"
959,"BC","medium",16982.5,11559.6688926306,79.933146,24,5,"959_BC_medium"
959,"BC","na",0.62,672,0.002918,4,75,"959_BC_na"
960,"BC","coarse",1.83,11335.5,100,8,45,"960_BC_coarse"
962,"BC","medium",9.93,7647.99,100,15,25,"962_BC_medium"
969,"BC","medium",3.02,4414.6821192053,16.350839,10,60,"969_BC_medium"
971,"BC","coarse",16.57,2449.02643331322,63.075752,14,46,"971_BC_coarse"
971,"BC","medium",9.7,7569.83215979381,36.924248,15,25,"971_BC_medium"
972,"BC","coarse",1417.11,2892.27630212192,29.897025,14,46,"972_BC_coarse"
972,"BC","fine",2275.5,3983.14015293342,48.006633,32,5,"972_BC_fine"
972,"BC","medium",953.42,4683.54339745338,20.114474,16,7,"972_BC_medium"
974,"BC","coarse",77.27,2077.65986152452,57.616881,14,46,"974_BC_coarse"
974,"BC","fine",27.17,2916,20.259488,38,1,"974_BC_fine"
974,"BC","medium",27.63,3920.18041983351,20.60249,10,65,"974_BC_medium"
975,"BC","coarse",13.84,1277.25,100,14,46,"975_BC_coarse"
976,"BC","coarse",71.51,3134.26504684659,35.520565,11,56,"976_BC_coarse"
976,"BC","medium",112.61,3029.26017405204,55.935823,6,49,"976_BC_medium"
977,"BC","coarse",28.9,4308.77932525952,64.336598,5,45,"977_BC_coarse"
977,"BC","medium",16.02,2942.04057428215,35.663401,10,65,"977_BC_medium"
978,"BC","coarse",87.46,2885.05939858221,24.007685,5,45,"978_BC_coarse"
978,"BC","medium",261.29,2978.72381415286,71.723853,6,49,"978_BC_medium"
979,"BC","coarse",69.8,3143.20303724928,32.490807,5,80,"979_BC_coarse"
979,"BC","medium",132.78,3069.50332806145,61.807011,28,31,"979_BC_medium"
980,"BC","coarse",13.65,1971.61666666667,75,14,46,"980_BC_coarse"
980,"BC","fine",0.91,4463.8,5,32,5,"980_BC_fine"
980,"BC","medium",3.64,6409.9125,20,10,55,"980_BC_medium"
981,"BC","coarse",0.04,7403.5,0.161551,15,25,"981_BC_coarse"
981,"BC","fine",4.15,2916,16.760905,38,1,"981_BC_fine"
981,"BC","medium",20.57,4624,83.077544,17,16,"981_BC_medium"
982,"BC","coarse",1242.54,2652.82335739694,25.530316,11,56,"982_BC_coarse"
982,"BC","fine",2181.96,3895.23502539002,44.832461,38,1,"982_BC_fine"
982,"BC","medium",1313.9,4317.56280805236,26.996541,39,7,"982_BC_medium"
987,"BC","coarse",1.53,4947.34705882353,43.342776,11,56,"987_BC_coarse"
987,"BC","medium",2,5387.3,56.657224,11,55,"987_BC_medium"
988,"BC","coarse",264.18,2395.40629305776,69.530201,8,60,"988_BC_coarse"
988,"BC","medium",115.77,6982.22846160491,30.4698,5,64,"988_BC_medium"
990,"BC","coarse",77.55,4281.10050161186,89.601385,8,60,"990_BC_coarse"
990,"BC","medium",8.32,5302.98078725962,9.612942,10,38,"990_BC_medium"
991,"BC","coarse",173.57,4830.25062107507,3.596069,8,60,"991_BC_coarse"
991,"BC","fine",547.1,4923.6,11.33496,35,10,"991_BC_fine"
991,"BC","medium",4101.17,5873.50237137207,84.969107,35,10,"991_BC_medium"
992,"BC","coarse",0.1,2347.092,25,10,65,"992_BC_coarse"
992,"BC","medium",0.26,2203.97538461538,65,15,25,"992_BC_medium"
995,"BC","coarse",12.53,5849.51157222666,16.130278,15,25,"995_BC_coarse"
995,"BC","medium",52.43,8324.23073431242,67.494851,18,40,"995_BC_medium"
1001,"BC","coarse",55.15,4771.77822212149,54.361754,5,80,"1001_BC_coarse"
1001,"BC","medium",41.75,2537.68937005988,41.153277,5,55,"1001_BC_medium"
1002,"BC","coarse",5.6,3673.83035714286,27.627035,5,80,"1002_BC_coarse"
1002,"BC","medium",14.67,1980.8,72.372965,5,55,"1002_BC_medium"
1003,"BC","coarse",2.15,7546.14,100,8,56,"1003_BC_coarse"
1004,"BC","coarse",103.02,4164.90487769365,5.512186,5,74,"1004_BC_coarse"
1004,"BC","fine",676.89,8649.6284182068,36.217663,43,7,"1004_BC_fine"
1004,"BC","medium",1088.34,5535.08882288623,58.232696,15,25,"1004_BC_medium"
1005,"BC","coarse",534.7,9219.8559467926,32.694165,13,35,"1005_BC_coarse"
1005,"BC","medium",1093.563,5345.46115761049,66.865776,5,65,"1005_BC_medium"
1006,"BC","coarse",450.57,5915.57720198859,47.507431,8,37,"1006_BC_coarse"
1006,"BC","medium",482.21,6102.32376143174,50.843506,8,57,"1006_BC_medium"
1007,"BC","coarse",2441.96,4995.63442261544,29.399635,8,66,"1007_BC_coarse"
1007,"BC","fine",3459.72,10933.3405038558,41.652812,58,10,"1007_BC_fine"
1007,"BC","medium",2403.55,6284.91282925256,28.937203,12,7,"1007_BC_medium"
1008,"BC","coarse",546.4,5227.64295607614,35.970799,8,50,"1008_BC_coarse"
1008,"BC","fine",662.85,9592.04049483292,43.636974,17,34,"1008_BC_fine"
1008,"BC","medium",303.1,5607.78884971956,19.953785,9,66,"1008_BC_medium"
1009,"BC","coarse",234.43,7605.76240562215,82.542869,5,65,"1009_BC_coarse"
1009,"BC","medium",49.2,7221.34160162602,17.323333,10,54,"1009_BC_medium"
1010,"BC","coarse",396.94,5494.87619804001,57.973682,10,58,"1010_BC_coarse"
1010,"BC","medium",287.28,6417.29987155389,41.957675,12,48,"1010_BC_medium"
1011,"BC","coarse",907,4827.67035595369,87.841632,4,78,"1011_BC_coarse"
1011,"BC","medium",125.54,8101.10527799904,12.158366,10,54,"1011_BC_medium"
1012,"BC","coarse",146.37,4133.83211416274,92.974655,8,59,"1012_BC_coarse"
1012,"BC","medium",11.06,4826.35349005425,7.025344,5,80,"1012_BC_medium"
1013,"BC","coarse",167.05,3984.03944926669,43.982518,10,65,"1013_BC_coarse"
1013,"BC","fine",103.22,2355.69395465995,27.176746,48,1,"1013_BC_fine"
1013,"BC","medium",107.05,4766.52872489491,28.185145,18,40,"1013_BC_medium"
1015,"BC","coarse",429.05,8522.55594126559,40.732726,10,65,"1015_BC_coarse"
1015,"BC","medium",620.31,4435.66595573181,58.890377,18,40,"1015_BC_medium"
1016,"AB","coarse",147.48,4270.5,46.091821,20,40,"1016_AB_coarse"
1016,"AB","medium",172.49,12759.1157458403,53.908179,29,27,"1016_AB_medium"
1017,"BC","coarse",65.48,8514.88897373244,78.787149,15,25,"1017_BC_coarse"
1017,"BC","medium",17.63,3538.72938173568,21.212851,11,25,"1017_BC_medium"
1018,"AB","coarse",91.71,5407.8222767419,1.610869,3,57,"1018_AB_coarse"
1018,"AB","fine",116.02,18500,2.03787,40,10,"1018_AB_fine"
1018,"AB","medium",5485.47,10477.053581416,96.35126,35,35,"1018_AB_medium"
9593,"AB","fine",53636.08,9841,72.597963,49,7,"9593_AB_fine"
9593,"AB","medium",20244.89,4473.83363480859,27.402036,12,25,"9593_AB_medium"
9607,"AB","fine",359.42,3097.12,100,9,8,"9607_AB_fine"
9609,"AB","coarse",217.46,892,2.276749,1,90,"9609_AB_coarse"
9609,"AB","fine",1618.62,4679,16.946523,65,10,"9609_AB_fine"
9609,"AB","medium",4139.08,3826.20339181654,43.335072,25,45,"9609_AB_medium"
9687,"AB","coarse",4914.7,1232.1,3.763732,2,90,"9687_AB_coarse"
9687,"AB","medium",124659.39,8128.34057017165,95.465554,25,30,"9687_AB_medium"
9787,"AB","medium",88865.39,6465.30986223658,100.000001,26,21,"9787_AB_medium"
